;;;;;;;;;;;;;;;;;;;;
II.1.1 - Indicadores de população por município, 2021 (continua);;;;;;;;;;;;;;;;;;;;
II.1.1 - Population indicators by municipality, 2021 (to be continued);;;;;;;;;;;;;;;;;;;;
;"Densidade populacional 
?";Taxa de crescimento efetivo;Taxa de crescimento natural;Taxa de crescimento migratório;Taxa bruta de natalidade;Taxa bruta de mortalidade;Taxa bruta de nupcialidade;Taxa bruta de divórcio;Taxa de fecundidade geral;Taxa de fecundidade na adolescência;Índice sintético de fecundidade;Mulheres em idade fértil na população residente feminina;Nados-vivos fora do casamento;Proporção de casamentos católicos; ;;Desagregação Territorial;;;
;N.º/km2;%;;;‰;;;;;;N.º;%;;;;NUTS_2013;NUTS I;NUTS II;NUTS III;Município
Portugal;  112,2;- 0,19;- 0,44; 0,25;  7,7;  12,0;  2,8;  1,7;  35,8;  5,8;  1,34; 40,7; 60,0; 28,4;;PT;;;;
 Continente;  110,7;- 0,20;- 0,44; 0,25;  7,7;  12,1;  2,8;  1,6;  35,9;  5,7;  1,35; 40,6; 60,1; 28,5;;1;x;;;
  Norte;  168,6;- 0,17;- 0,34; 0,18;  6,9;  10,3;  3,2;  1,8;  32,0;  4,1;  1,20; 41,0; 53,7; 37,0;;11;;x;;
   Alto Minho;  104,1;- 0,51;- 0,78; 0,27;  6,0;  13,8;  3,1;  1,6;  30,6;  4,9;  1,18; 36,9; 53,6; 35,9;;111;;;x;
Arcos de Valdevez;  46,3;- 0,55;- 1,20; 0,65;  5,3;  17,3;  2,1;  1,2;  30,7;x;x; 32,1; 52,7; 20,9;;1111601;;;;x
Caminha;  115,7;- 0,44;- 0,92; 0,49;  5,4;  14,7;  3,3;  1,5;  28,4;x;x; 35,7; 67,4; 30,2;;1111602;;;;x
Melgaço;  32,6;- 1,00;- 1,91; 0,91;  3,6;  22,7;  1,8;  1,0;  25,4;x;x; 25,4; 60,7; 14,3;;1111603;;;;x
Monção;  84,2;- 0,58;- 1,23; 0,66;  4,4;  16,7;  2,1;  1,4;  25,3;x;x; 32,3; 55,7; 21,6;;1111604;;;;x
Paredes de Coura;  62,4;- 0,76;- 1,06; 0,30;  4,9;  15,5;  1,4;  0,9;  27,0;x;x; 34,6; 54,8; 25,0;;1111605;;;;x
Ponte da Barca;  60,5;- 0,81;- 1,23; 0,42;  5,1;  17,4;  3,5;  1,9;  27,2;x;x; 35,3; 45,6; 12,8;;1111606;;;;x
Ponte de Lima;  128,1;- 0,54;- 0,50;- 0,04;  6,6;  11,5;  3,4;  1,5;  30,9;x;x; 40,0; 41,5; 51,4;;1111607;;;;x
Valença;  116,4;- 0,27;- 0,72; 0,45;  7,4;  14,6;  2,0;  2,2;  35,5;x;x; 39,3; 67,3; 25,9;;1111608;;;;x
Viana do Castelo;  268,4;- 0,44;- 0,49; 0,05;  6,6;  11,5;  3,7;  1,8;  32,0;x;x; 38,9; 53,4; 40,3;;1111609;;;;x
Vila Nova de Cerveira;  82,4;- 0,23;- 0,94; 0,70;  6,0;  15,4;  3,5;  1,8;  30,8;x;x; 38,2; 70,4; 22,6;;1111610;;;;x
   Cávado;  334,4;- 0,12;- 0,10;- 0,02;  7,3;  8,3;  3,7;  1,7;  31,7;  3,6;  1,18; 44,1; 46,6; 37,7;;112;;;x;
Amares;  226,9;- 0,13;- 0,28; 0,16;  7,1;  9,9;  4,9;  1,3;  32,0;x;x; 43,2; 46,2; 43,5;;1120301;;;;x
Barcelos;  307,1;- 0,52;- 0,22;- 0,30;  6,5;  8,7;  3,4;  1,5;  28,5;x;x; 43,6; 43,9; 50,1;;1120302;;;;x
Braga; 1 056,0; 0,12; 0,06; 0,05;  7,8;  7,2;  3,4;  1,9;  32,8;x;x; 45,0; 48,9; 31,1;;1120303;;;;x
Esposende;  369,3; 0,08;- 0,13; 0,21;  8,0;  9,3;  3,3;  1,6;  35,1;x;x; 43,7; 45,2; 49,6;;1120306;;;;x
Terras de Bouro;  22,8;- 0,79;- 0,87; 0,08;  5,2;  13,9;  4,4;  1,1;  28,1;x;x; 35,8; 48,5; 0,0;;1120310;;;;x
Vila Verde;  203,1;- 0,16;- 0,26; 0,09;  7,4;  10,0;  5,1;  1,5;  33,0;x;x; 43,0; 43,4; 32,1;;1120313;;;;x
   Ave;  287,8;- 0,32;- 0,17;- 0,15;  7,1;  8,8;  2,6;  1,8;  31,9;  2,7;  1,20; 42,3; 48,8; 37,0;;119;;;x;
Cabeceiras de Basto;  64,1;- 0,55;- 0,51;- 0,04;  6,3;  11,4;  3,2;  2,1;  29,4;x;x; 41,6; 48,0; 46,9;;1190304;;;;x
Fafe;  220,7;- 0,53;- 0,33;- 0,21;  6,4;  9,7;  3,0;  1,6;  29,8;x;x; 40,8; 55,0; 43,4;;1190307;;;;x
Guimarães;  648,7;- 0,39;- 0,08;- 0,31;  7,3;  8,1;  2,2;  2,0;  32,9;x;x; 42,6; 47,0; 26,8;;1190308;;;;x
Mondim de Basto;  37,2;- 0,36;- 0,67; 0,31;  3,9;  10,6;  4,7;  1,7;  20,5;x;x; 36,7; 60,0; 36,7;;1191705;;;;x
Póvoa de Lanhoso;  161,9;- 0,06;- 0,46; 0,39;  6,0;  10,5;  2,1;  2,2;  27,8;x;x; 41,1; 46,2; 0,0;;1190309;;;;x
Vieira do Minho;  55,1;- 0,69;- 0,94; 0,25;  5,3;  14,7;  3,4;  1,6;  28,9;x;x; 35,3; 53,1; 43,9;;1190311;;;;x
Vila Nova de Famalicão;  662,3;- 0,19;- 0,08;- 0,11;  7,4;  8,3;  2,9;  1,8;  32,9;x;x; 43,2; 48,3; 47,4;;1190312;;;;x
Vizela;  968,2; 0,03; 0,06;- 0,04;  7,7;  7,1;  2,6;  1,4;  33,0;x;x; 45,0; 51,6; 30,6;;1190314;;;;x
   A. M. Porto;  852,5; 0,05;- 0,26; 0,31;  7,3;  9,9;  3,2;  1,8;  33,2;  4,3;  1,23; 41,5; 57,1; 31,9;;11A;;;x;
Arouca;  63,9;- 0,70;- 0,45;- 0,24;  5,9;  10,5;  3,1;  2,0;  28,8;x;x; 39,3; 46,4; 42,4;;11A0104;;;;x
Espinho; 1 475,0;- 0,25;- 0,60; 0,35;  6,4;  12,4;  6,2;  1,9;  34,0;x;x; 35,2; 63,5; 22,5;;11A0107;;;;x
Gondomar; 1 246,0;- 0,12;- 0,30; 0,18;  7,4;  10,4;  1,8;  1,8;  33,7;x;x; 41,4; 60,4; 35,5;;11A1304;;;;x
Maia; 1 638,7; 0,63;- 0,07; 0,70;  7,2;  7,9;  2,0;  1,7;  31,1;x;x; 43,6; 59,2; 10,2;;11A1306;;;;x
Matosinhos; 2 774,5; 0,20;- 0,28; 0,48;  6,9;  9,7;  2,1;  1,9;  31,9;x;x; 40,5; 59,4; 34,5;;11A1308;;;;x
Oliveira de Azeméis;  410,4;- 0,36;- 0,37; 0,02;  6,5;  10,2;  2,4;  1,9;  31,0;x;x; 40,1; 54,2; 48,8;;11A0113;;;;x
Paredes;  538,7; 0,01; 0,07;- 0,06;  8,0;  7,3;  2,0;  2,1;  33,3;x;x; 46,1; 50,7; 61,2;;11A1310;;;;x
Porto; 5 619,3; 0,14;- 0,54; 0,67;  7,9;  13,2;  5,9;  1,8;  36,6;x;x; 39,5; 56,3; 23,9;;11A1312;;;;x
Póvoa de Varzim;  783,6; 0,10;- 0,19; 0,29;  7,3;  9,2;  5,3;  1,9;  32,0;x;x; 42,6; 52,9; 30,3;;11A1313;;;;x
Santa Maria da Feira;  633,5;- 0,14;- 0,23; 0,09;  6,8;  9,1;  2,8;  1,8;  31,4;x;x; 41,7; 57,0; 43,4;;11A0109;;;;x
Santo Tirso;  494,5;- 0,52;- 0,49;- 0,03;  6,3;  11,2;  3,5;  1,8;  30,5;x;x; 39,1; 52,6; 49,2;;11A1314;;;;x
São João da Madeira; 2 808,4; 0,47;- 0,35; 0,82;  6,9;  10,4;  5,4;  2,1;  31,6;x;x; 41,0; 63,6; 27,7;;11A0116;;;;x
Trofa;  536,5; 0,11;- 0,08; 0,19;  8,1;  8,9;  3,5;  1,8;  35,7;x;x; 43,3; 53,7; 55,6;;11A1318;;;;x
Vale de Cambra;  143,9;- 0,57;- 0,60; 0,03;  5,7;  11,8;  4,6;  1,6;  30,1;x;x; 36,6; 49,2; 32,0;;11A0119;;;;x
Valongo; 1 268,9; 0,63; 0,01; 0,61;  8,0;  7,9;  3,6;  1,9;  34,1;x;x; 44,3; 61,2; 31,3;;11A1315;;;;x
Vila do Conde;  543,5; 0,02;- 0,27; 0,29;  7,3;  10,0;  4,0;  2,1;  32,7;x;x; 42,8; 47,1; 30,2;;11A1316;;;;x
Vila Nova de Gaia; 1 804,8;- 0,06;- 0,19; 0,13;  7,5;  9,4;  2,1;  1,8;  34,0;x;x; 41,9; 59,5; 29,2;;11A1317;;;;x
   Alto Tâmega;  28,8;- 0,63;- 1,10; 0,47;  4,6;  15,6;  2,7;  1,7;  27,9;  4,6;  1,08; 31,3; 60,6; 28,6;;11B;;;x;
Boticas;  15,4;- 1,16;- 1,24; 0,08;  4,8;  17,2;  2,6;  1,8;  29,9;x;x; 30,7; 62,5; 15,4;;11B1702;;;;x
Chaves;  63,6;- 0,30;- 0,88; 0,58;  4,6;  13,4;  3,2;  2,2;  26,3;x;x; 33,2; 64,7; 31,6;;11B1703;;;;x
Montalegre;  11,4;- 1,02;- 1,29; 0,27;  4,8;  17,6;  2,8;  1,2;  33,2;x;x; 27,7; 40,9; 26,9;;11B1706;;;;x
Ribeira de Pena;  27,1;- 0,25;- 0,73; 0,47;  5,1;  12,4;  1,7;  0,7;  30,2;x;x; 33,3; 60,0; 30,0;;11B1709;;;;x
Valpaços;  26,7;- 1,14;- 1,61; 0,48;  3,9;  20,1;  2,2;  1,2;  26,9;x;x; 27,7; 67,2; 21,2;;11B1712;;;;x
Vila Pouca de Aguiar;  27,0;- 0,68;- 1,13; 0,45;  4,8;  16,1;  2,1;  1,7;  29,1;x;x; 31,5; 56,1; 32,0;;11B1713;;;;x
   Tâmega e Sousa;  222,6;- 0,39;- 0,23;- 0,16;  6,8;  9,1;  3,8;  1,6;  29,9;  4,0;  1,14; 43,4; 47,1; 53,5;;11C;;;x;
Amarante;  172,6;- 0,44;- 0,40;- 0,04;  5,8;  9,8;  5,0;  1,6;  26,8;x;x; 40,8; 45,2; 50,6;;11C1301;;;;x
Baião;  99,9;- 1,05;- 0,83;- 0,22;  4,4;  12,7;  3,0;  1,7;  20,9;x;x; 39,7; 53,2; 60,4;;11C1302;;;;x
Castelo de Paiva;  134,5;- 0,87;- 0,51;- 0,36;  5,4;  10,5;  3,6;  1,2;  24,9;x;x; 41,7; 47,6; 35,7;;11C0106;;;;x
Celorico de Basto;  97,4;- 0,46;- 0,75; 0,29;  5,4;  12,8;  3,5;  1,3;  26,3;x;x; 39,1; 48,4; 46,8;;11C0305;;;;x
Cinfães;  73,6;- 1,07;- 0,69;- 0,38;  6,1;  13,0;  2,0;  1,7;  31,0;x;x; 37,9; 63,9; 54,3;;11C1804;;;;x
Felgueiras;  481,1;- 0,39;- 0,11;- 0,29;  6,8;  7,8;  3,7;  1,6;  29,4;x;x; 44,1; 45,4; 65,8;;11C1303;;;;x
Lousada;  492,7;- 0,12; 0,05;- 0,17;  7,5;  7,0;  4,1;  1,9;  30,5;x;x; 47,1; 41,5; 67,9;;11C1305;;;;x
Marco de Canaveses;  245,0;- 0,27;- 0,12;- 0,15;  6,9;  8,2;  4,3;  1,6;  29,9;x;x; 44,2; 42,4; 47,1;;11C1307;;;;x
Paços de Ferreira;  783,0;- 0,09; 0,01;- 0,10;  7,7;  7,6;  2,9;  1,9;  32,9;x;x; 45,8; 51,1; 58,9;;11C1309;;;;x
Penafiel;  327,5;- 0,29;- 0,11;- 0,19;  7,9;  9,0;  3,8;  1,4;  33,9;x;x; 44,5; 46,8; 44,0;;11C1311;;;;x
Resende;  81,0;- 1,00;- 0,84;- 0,16;  5,2;  13,6;  3,7;  1,3;  26,6;x;x; 37,9; 63,5; 38,9;;11C1813;;;;x
   Douro;  45,6;- 0,47;- 0,89; 0,42;  5,5;  14,4;  2,9;  1,7;  29,6;  4,3;  1,16; 35,6; 55,1; 44,9;;11D;;;x;
Alijó;  35,0;- 1,03;- 1,35; 0,31;  4,4;  17,8;  2,5;  1,7;  27,1;x;x; 31,7; 58,7; 46,2;;11D1701;;;;x
Armamar;  48,3;- 0,77;- 1,20; 0,42;  4,9;  16,9;  2,6;  0,9;  28,1;x;x; 33,0; 53,6; 33,3;;11D1801;;;;x
Carrazeda de Ansiães;  19,6;- 1,06;- 1,58; 0,53;  3,6;  19,5;  2,5;  1,6;  23,5;x;x; 29,8; 55,0; 42,9;;11D0403;;;;x
Freixo de Espada à Cinta;  13,1;- 1,21;- 1,84; 0,62;  5,6;  24,0;  1,2;  0,6;  35,0;x;x; 30,5; 66,7; 25,0;;11D0404;;;;x
Lamego;  146,6;- 0,73;- 0,92; 0,19;  5,1;  14,3;  3,0;  1,6;  26,6;x;x; 36,3; 54,8; 43,2;;11D1805;;;;x
Mesão Frio;  132,7;- 0,76;- 1,16; 0,39;  3,9;  15,5;  6,2;  1,9;  20,5;x;x; 36,0; 50,0; 13,6;;11D1704;;;;x
Moimenta da Beira;  42,9;- 0,05;- 0,69; 0,64;  6,8;  13,7;  2,3;  1,4;  37,2;x;x; 34,8; 53,1; 36,4;;11D1807;;;;x
Murça;  27,6;- 0,82;- 1,33; 0,51;  4,0;  17,3;  3,0;  1,5;  25,5;x;x; 30,4; 66,7; 68,8;;11D1707;;;;x
Penedono;  20,4;- 0,91;- 1,17; 0,26;  3,7;  15,4;  5,5;  1,1;  21,0;x;x; 33,2; 70,0; 40,0;;11D1812;;;;x
Peso da Régua;  152,6;- 0,80;- 0,89; 0,10;  5,5;  14,5;  4,8;  1,7;  28,1;x;x; 36,8; 61,3; 32,9;;11D1708;;;;x
Sabrosa;  35,4;- 0,31;- 1,04; 0,74;  3,4;  13,8;  2,0;  1,9;  19,3;x;x; 34,0; 31,6; 54,5;;11D1710;;;;x
Santa Marta de Penaguião;  87,8;- 0,92;- 1,36; 0,44;  4,6;  18,2;  2,9;  1,6;  26,6;x;x; 32,9; 46,4; 50,0;;11D1711;;;;x
São João da Pesqueira;  25,4;- 0,69;- 0,96; 0,27;  5,9;  15,5;  1,2;  0,7;  31,7;x;x; 36,4; 57,5; 37,5;;11D1815;;;;x
Sernancelhe;  24,9;- 0,26;- 0,86; 0,60;  6,0;  14,6;  3,3;  1,6;  35,5;x;x; 32,5; 61,8; 52,6;;11D1818;;;;x
Tabuaço;  37,8; 0,34;- 0,71; 1,05;  6,3;  13,5;  3,0;  0,9;  35,8;x;x; 33,6; 56,3; 66,7;;11D1819;;;;x
Tarouca;  73,9; 0,30;- 0,55; 0,85;  6,5;  12,0;  2,0;  2,8;  32,2;x;x; 39,0; 56,3; 60,0;;11D1820;;;;x
Torre de Moncorvo;  12,8;- 0,34;- 1,21; 0,88;  5,3;  17,4;  1,5;  0,8;  37,2;x;x; 27,0; 75,0; 0,0;;11D0409;;;;x
Vila Nova de Foz Côa;  15,8;- 0,82;- 1,58; 0,76;  4,7;  20,6;  2,4;  1,6;  30,3;x;x; 29,9; 56,7; 40,0;;11D0914;;;;x
Vila Real;  130,9;- 0,11;- 0,42; 0,30;  6,6;  10,8;  3,0;  2,2;  30,8;x;x; 40,0; 50,6; 54,8;;11D1714;;;;x
   Terras de Trás-os-Montes;  19,3;- 0,75;- 1,20; 0,45;  5,1;  17,1;  2,1;  1,2;  29,4;  8,6;  1,13; 33,4; 68,7; 34,8;;11E;;;x;
Alfândega da Fé;  13,4;- 1,29;- 1,94; 0,65;  4,9;  24,3;  1,2;  1,6;  31,1;x;x; 30,4; 76,2; 20,0;;11E0401;;;;x
Bragança;  29,5;- 0,26;- 0,77; 0,51;  5,9;  13,6;  2,4;  0,9;  29,5;x;x; 38,5; 70,9; 33,3;;11E0402;;;;x
Macedo de Cavaleiros;  20,4;- 0,39;- 0,99; 0,61;  5,9;  15,8;  2,2;  1,9;  34,5;x;x; 32,5; 65,5; 41,9;;11E0405;;;;x
Miranda do Douro;  13,2;- 1,31;- 1,80; 0,49;  4,0;  22,1;  1,2;  0,2;  26,7;x;x; 29,0; 73,1; 25,0;;11E0406;;;;x
Mirandela;  32,3;- 0,79;- 1,11; 0,33;  4,6;  15,8;  2,4;  1,3;  25,6;x;x; 34,1; 62,6; 30,8;;11E0407;;;;x
Mogadouro;  10,8;- 1,43;- 1,65; 0,22;  4,1;  20,6;  2,4;  1,6;  28,1;x;x; 28,3; 70,6; 35,0;;11E0408;;;;x
Vila Flor;  22,7;- 1,06;- 1,50; 0,45;  4,8;  19,8;  1,5;  1,8;  28,6;x;x; 32,4; 75,9; 66,7;;11E0410;;;;x
Vimioso;  8,6;- 0,99;- 1,66; 0,67;  3,9;  20,5;  2,2;  0,5;  28,3;x;x; 26,5; 75,0; 22,2;;11E0411;;;;x
Vinhais;  11,1;- 1,61;- 1,81; 0,19;  4,4;  22,4;  1,5;  0,5;  34,9;x;x; 24,6; 61,8; 41,7;;11E0412;;;;x
  Centro;  79,3; 0,00;- 0,75; 0,74;  6,7;  14,1;  2,7;  1,6;  33,5;  4,5;  1,29; 37,9; 59,6; 32,3;;16;;x;;
   Oeste;  164,9; 0,39;- 0,61; 0,99;  7,6;  13,7;  3,3;  1,5;  36,4;  4,8;  1,42; 40,2; 64,7; 25,1;;16B;;;x;
Alcobaça;  134,7;- 0,34;- 0,74; 0,40;  6,6;  14,0;  2,8;  1,7;  33,2;x;x; 38,0; 60,4; 33,3;;16B1001;;;;x
Alenquer;  147,8; 0,95;- 0,28; 1,23;  9,0;  11,8;  4,6;  1,6;  39,7;x;x; 43,8; 64,2; 17,3;;16B1101;;;;x
Arruda dos Vinhos;  183,3; 1,65;- 0,69; 2,34;  7,5;  14,5;  5,7;  1,8;  33,6;x;x; 44,2; 49,5; 23,5;;16B1102;;;;x
Bombarral;  140,5; 0,27;- 0,84; 1,11;  8,0;  16,4;  3,9;  1,0;  40,2;x;x; 37,9; 68,6; 12,0;;16B1005;;;;x
Cadaval;  77,0; 0,07;- 1,23; 1,29;  5,9;  18,1;  2,5;  1,3;  31,5;x;x; 36,0; 74,7; 27,3;;16B1104;;;;x
Caldas da Rainha;  201,0; 0,52;- 0,76; 1,29;  6,4;  14,0;  1,9;  1,4;  31,0;x;x; 38,9; 67,0; 25,5;;16B1006;;;;x
Lourinhã;  180,0; 0,53;- 0,65; 1,18;  7,7;  14,2;  2,1;  1,1;  37,1;x;x; 40,5; 65,2; 14,5;;16B1108;;;;x
Nazaré;  180,9;- 0,05;- 0,62; 0,57;  8,2;  14,5;  7,8;  1,8;  42,3;x;x; 37,1; 66,7; 16,5;;16B1011;;;;x
Óbidos;  85,3; 0,71;- 0,81; 1,53;  7,5;  15,6;  3,8;  1,8;  39,7;x;x; 37,0; 70,0; 39,1;;16B1012;;;;x
Peniche;  342,2; 0,09;- 0,60; 0,69;  7,9;  13,9;  3,3;  1,1;  39,7;x;x; 38,2; 73,3; 29,8;;16B1014;;;;x
Sobral de Monte Agraço;  205,5; 1,15;- 0,60; 1,75;  7,0;  13,1;  5,3;  1,9;  30,9;x;x; 44,3; 68,0; 31,5;;16B1112;;;;x
Torres Vedras;  205,3; 0,32;- 0,41; 0,73;  8,3;  12,4;  2,8;  1,6;  38,5;x;x; 41,8; 62,5; 30,0;;16B1113;;;;x
   Região de Aveiro;  218,4; 0,38;- 0,43; 0,81;  7,4;  11,7;  3,1;  1,7;  34,8;  5,8;  1,30; 40,7; 58,2; 28,9;;16D;;;x;
Águeda;  137,9; 0,02;- 0,51; 0,54;  6,6;  11,8;  2,3;  1,6;  32,4;x;x; 39,1; 59,2; 28,3;;16D0101;;;;x
Albergaria-a-Velha;  156,7;- 0,17;- 0,66; 0,49;  6,2;  12,8;  3,1;  1,8;  29,5;x;x; 40,8; 56,1; 25,7;;16D0102;;;;x
Anadia;  127,5;- 0,15;- 0,87; 0,72;  5,7;  14,4;  2,0;  1,5;  30,7;x;x; 35,4; 62,7; 47,2;;16D0103;;;;x
Aveiro;  414,2; 0,87;- 0,29; 1,15;  7,9;  10,7;  3,3;  1,8;  34,4;x;x; 43,4; 56,9; 24,7;;16D0105;;;;x
Estarreja;  243,2;- 0,03;- 0,66; 0,63;  7,1;  13,7;  3,4;  1,2;  35,4;x;x; 38,6; 54,3; 24,4;;16D0108;;;;x
Ílhavo;  538,5; 0,68;- 0,23; 0,91;  8,2;  10,5;  2,1;  1,7;  37,3;x;x; 41,5; 60,2; 40,2;;16D0110;;;;x
Murtosa;  144,4; 0,60;- 0,38; 0,98;  9,1;  12,9;  7,7;  2,1;  44,3;x;x; 40,0; 55,2; 17,5;;16D0112;;;;x
Oliveira do Bairro;  268,9; 1,19;- 0,48; 1,67;  7,2;  12,0;  4,7;  2,0;  32,4;x;x; 42,3; 62,5; 33,0;;16D0114;;;;x
Ovar;  373,7; 0,25;- 0,19; 0,45;  8,3;  10,3;  2,4;  2,0;  38,2;x;x; 41,7; 56,7; 30,2;;16D0115;;;;x
Sever do Vouga;  85,0;- 0,56;- 0,84; 0,28;  6,3;  14,7;  1,5;  1,0;  34,3;x;x; 35,6; 57,1; 5,9;;16D0117;;;;x
Vagos;  139,8; 0,48;- 0,42; 0,90;  7,6;  11,8;  5,0;  1,2;  36,1;x;x; 40,6; 61,7; 34,2;;16D0118;;;;x
   Região de Coimbra;  101,1;- 0,11;- 0,79; 0,67;  6,3;  14,2;  2,6;  1,7;  31,8;  2,6;  1,22; 37,3; 56,7; 32,9;;16E;;;x;
Arganil;  33,2;- 0,83;- 1,62; 0,79;  5,9;  22,1;  1,5;  1,2;  35,0;x;x; 32,1; 64,6; 25,0;;16E0601;;;;x
Cantanhede;  87,8;- 0,17;- 0,89; 0,72;  6,4;  15,3;  2,9;  1,4;  33,8;x;x; 35,8; 57,3; 40,0;;16E0602;;;;x
Coimbra;  443,1; 0,16;- 0,49; 0,65;  7,2;  12,1;  2,9;  1,8;  34,0;x;x; 39,5; 53,5; 39,7;;16E0603;;;;x
Condeixa-a-Nova;  122,0; 0,82;- 0,43; 1,26;  6,3;  10,7;  2,0;  1,6;  29,1;x;x; 40,8; 50,5; 33,3;;16E0604;;;;x
Figueira da Foz;  155,7;- 0,26;- 0,86; 0,60;  5,9;  14,4;  3,0;  1,9;  30,6;x;x; 36,3; 60,2; 16,0;;16E0605;;;;x
Góis;  14,4;- 1,15;- 2,14; 0,99;  2,9;  24,3;  1,8;  1,1;  18,5;x;x; 29,3; 63,6; 0,0;;16E0606;;;;x
Lousã;  123,4; 0,28;- 0,36; 0,64;  6,1;  9,7;  1,5;  1,7;  28,0;x;x; 41,9; 71,2; 33,3;;16E0607;;;;x
Mealhada;  175,9; 0,07;- 0,72; 0,80;  6,2;  13,4;  1,9;  1,4;  30,8;x;x; 38,4; 62,5; 37,8;;16E0111;;;;x
Mira;  97,8;- 0,30;- 0,97; 0,67;  6,3;  16,1;  2,8;  1,4;  34,6;x;x; 34,8; 49,4; 44,1;;16E0608;;;;x
Miranda do Corvo;  95,3;- 0,12;- 1,06; 0,94;  5,6;  16,2;  1,2;  2,0;  29,0;x;x; 36,8; 47,8; 53,3;;16E0609;;;;x
Montemor-o-Velho;  107,6;- 0,15;- 0,75; 0,60;  6,9;  14,4;  3,1;  1,4;  34,6;x;x; 38,3; 53,5; 35,5;;16E0610;;;;x
Mortágua;  35,7;- 0,39;- 0,96; 0,57;  5,9;  15,5;  1,9;  0,9;  35,6;x;x; 31,7; 54,7; 17,6;;16E1808;;;;x
Oliveira do Hospital;  82,7;- 0,49;- 0,85; 0,35;  6,2;  14,7;  1,2;  1,5;  33,0;x;x; 36,1; 63,6; 29,2;;16E0611;;;;x
Pampilhosa da Serra;  10,4;- 0,89;- 2,49; 1,60;  3,1;  28,1;  1,7;  1,2;  25,7;x;x; 23,7; 61,5; 28,6;;16E0612;;;;x
Penacova;  60,3;- 0,81;- 1,21; 0,40;  4,6;  16,8;  3,0;  1,9;  25,8;x;x; 33,9; 50,8; 35,9;;16E0613;;;;x
Penela;  40,3;- 0,92;- 1,63; 0,71;  4,6;  20,9;  6,6;  1,7;  26,6;x;x; 33,0; 40,0; 8,3;;16E0614;;;;x
Soure;  64,9;- 0,75;- 1,06; 0,31;  4,6;  15,2;  2,3;  2,0;  26,5;x;x; 33,4; 52,5; 30,0;;16E0615;;;;x
Tábua;  56,0;- 0,46;- 1,31; 0,85;  5,4;  18,5;  1,4;  1,3;  28,4;x;x; 36,5; 85,2; 18,8;;16E0616;;;;x
Vila Nova de Poiares;  81,1; 0,13;- 0,79; 0,92;  5,1;  13,0;  2,6;  1,0;  24,3;x;x; 39,7; 60,0; 44,4;;16E0617;;;;x
   Região de Leiria;  117,6; 0,12;- 0,52; 0,64;  7,1;  12,3;  2,4;  1,5;  34,7;  4,0;  1,33; 39,5; 58,3; 33,5;;16F;;;x;
Alvaiázere;  39,1;- 0,40;- 1,48; 1,08;  6,4;  21,2;  1,6;  0,8;  40,7;x;x; 29,5; 55,0; 40,0;;16F1002;;;;x
Ansião;  66,1;- 0,58;- 1,28; 0,70;  5,9;  18,7;  2,2;  1,3;  33,3;x;x; 33,8; 47,8; 42,3;;16F1003;;;;x
Batalha;  151,7; 0,63;- 0,40; 1,02;  6,6;  10,6;  4,9;  1,3;  31,2;x;x; 41,0; 49,0; 51,9;;16F1004;;;;x
Castanheira de Pêra;  39,6;- 1,35;- 1,76; 0,41;  3,8;  21,4;  1,5;  1,5;  26,0;x;x; 27,2; 70,0; 0,0;;16F1007;;;;x
Figueiró dos Vinhos;  30,5;- 0,81;- 1,72; 0,90;  4,5;  21,7;  1,9;  0,9;  29,0;x;x; 29,9; 70,8; 30,0;;16F1008;;;;x
Leiria;  228,9; 0,38;- 0,22; 0,60;  7,7;  9,8;  2,3;  1,6;  35,1;x;x; 41,9; 57,3; 33,2;;16F1009;;;;x
Marinha Grande;  209,4; 0,29;- 0,41; 0,70;  6,7;  10,9;  2,0;  1,6;  31,4;x;x; 41,3; 63,6; 13,0;;16F1010;;;;x
Pedrógão Grande;  26,5;- 0,29;- 1,61; 1,32;  5,3;  21,4;  3,5;  0,6;  33,6;x;x; 30,0; 66,7; 50,0;;16F1013;;;;x
Pombal;  81,8;- 0,31;- 0,84; 0,53;  7,1;  15,5;  2,8;  1,3;  36,7;x;x; 36,9; 57,9; 31,9;;16F1015;;;;x
Porto de Mós;  88,8;- 0,05;- 0,52; 0,47;  7,6;  12,8;  1,4;  1,5;  37,5;x;x; 39,2; 64,4; 36,4;;16F1016;;;;x
   Viseu Dão Lafões;  78,2;- 0,21;- 0,83; 0,62;  6,2;  14,5;  2,8;  1,6;  31,5;  4,5;  1,22; 37,5; 55,7; 40,5;;16G;;;x;
Aguiar da Beira;  25,2;- 1,43;- 2,38; 0,95;  5,7;  29,5;  3,4;  1,0;  36,7;x;x; 29,9; 50,0; 55,6;;16G0901;;;;x
Carregal do Sal;  77,5;- 0,06;- 0,86; 0,81;  5,8;  14,5;  2,0;  1,4;  31,8;x;x; 34,8; 62,3; 27,8;;16G1802;;;;x
Castro Daire;  36,2;- 0,56;- 1,08; 0,52;  4,9;  15,6;  3,1;  1,4;  27,7;x;x; 33,6; 41,8; 51,2;;16G1803;;;;x
Mangualde;  83,4;- 0,52;- 1,03; 0,51;  5,4;  15,7;  4,4;  1,4;  28,7;x;x; 36,2; 56,6; 41,8;;16G1806;;;;x
Nelas;  104,3;- 0,50;- 0,93; 0,43;  4,9;  14,2;  3,3;  1,3;  26,6;x;x; 35,1; 60,0; 34,1;;16G1809;;;;x
Oliveira de Frades;  65,7; 0,15;- 0,60; 0,74;  6,3;  12,3;  3,6;  1,6;  30,5;x;x; 39,6; 65,0; 38,2;;16G1810;;;;x
Penalva do Castelo;  54,5;- 1,09;- 1,59; 0,50;  3,4;  19,3;  2,7;  1,0;  20,0;x;x; 32,9; 52,0; 65,0;;16G1811;;;;x
Santa Comba Dão;  95,0;- 0,55;- 1,04; 0,49;  6,9;  17,3;  2,4;  2,2;  38,0;x;x; 34,6; 55,4; 42,3;;16G1814;;;;x
São Pedro do Sul;  43,3;- 0,63;- 1,15; 0,51;  4,4;  15,9;  2,2;  1,8;  25,0;x;x; 33,6; 50,7; 15,6;;16G1816;;;;x
Sátão;  54,8;- 0,18;- 0,99; 0,81;  6,0;  15,9;  2,6;  0,8;  31,9;x;x; 35,3; 53,0; 37,9;;16G1817;;;;x
Tondela;  69,8;- 0,64;- 1,17; 0,53;  6,0;  17,6;  2,3;  1,3;  32,7;x;x; 34,6; 61,9; 31,7;;16G1821;;;;x
Vila Nova de Paiva;  26,5;- 0,73;- 1,54; 0,81;  5,1;  20,5;  3,2;  1,7;  29,1;x;x; 34,0; 45,8; 26,7;;16G1822;;;;x
Viseu;  197,3; 0,26;- 0,41; 0,67;  7,3;  11,4;  2,6;  1,9;  33,1;x;x; 41,5; 55,7; 43,7;;16G1823;;;;x
Vouzela;  49,5;- 0,29;- 0,86; 0,57;  6,5;  15,1;  2,5;  1,6;  34,5;x;x; 35,5; 50,0; 41,7;;16G1824;;;;x
   Beira Baixa;  17,5;- 0,55;- 1,20; 0,65;  5,9;  18,0;  2,3;  1,3;  34,4;  6,3;  1,34; 32,9; 66,7; 35,3;;16H;;;x;
Castelo Branco;  36,4;- 0,33;- 0,85; 0,52;  6,8;  15,2;  2,7;  1,6;  35,0;x;x; 36,7; 63,7; 34,3;;16H0502;;;;x
Idanha-a-Nova;  5,9;- 1,40;- 2,10; 0,70;  5,1;  26,1;  1,3;  1,1;  37,2;x;x; 26,4; 76,7; 18,2;;16H0505;;;;x
Oleiros;  10,5;- 0,18;- 1,30; 1,12;  4,1;  17,0;  2,4;  1,0;  32,2;x;x; 24,3; 75,0; 25,0;;16H0506;;;;x
Penamacor;  8,4;- 1,34;- 2,22; 0,88;  2,1;  24,3;  1,0;  0,4;  17,8;x;x; 23,4; 80,0; 80,0;;16H0507;;;;x
Proença-a-Nova;  18,0;- 1,12;- 1,85; 0,74;  4,9;  23,4;  2,0;  0,6;  34,5;x;x; 27,8; 65,7; 50,0;;16H0508;;;;x
Vila Velha de Ródão;  10,0;- 0,18;- 1,57; 1,39;  5,1;  20,9;  0,6;  0,6;  38,9;x;x; 25,8; 88,2; 50,0;;16H0511;;;;x
   Médio Tejo;  68,6;- 0,16;- 1,00; 0,84;  5,9;  15,9;  2,5;  1,7;  31,9;  4,3;  1,26; 35,4; 61,9; 36,0;;16I;;;x;
Abrantes;  47,9;- 0,90;- 1,31; 0,41;  4,8;  17,9;  2,1;  1,5;  27,9;x;x; 33,2; 69,9; 33,8;;16I1401;;;;x
Alcanena;  98,1;- 0,50;- 1,21; 0,71;  5,6;  17,7;  1,3;  1,4;  30,4;x;x; 35,5; 64,3; 43,8;;16I1402;;;;x
Constância;  47,7; 0,55;- 0,79; 1,33;  5,8;  13,6;  9,4;  1,3;  28,7;x;x; 38,7; 63,6; 22,2;;16I1408;;;;x
Entroncamento; 1 491,5; 1,45;- 0,32; 1,77;  7,4;  10,6;  1,5;  1,7;  33,7;x;x; 41,3; 62,7; 16,7;;16I1410;;;;x
Ferreira do Zêzere;  41,0;- 0,49;- 1,44; 0,96;  6,1;  20,6;  3,2;  1,1;  35,4;x;x; 33,0; 45,8; 24,0;;16I1411;;;;x
Mação;  15,9;- 1,25;- 2,06; 0,81;  4,4;  24,9;  1,4;  1,1;  32,7;x;x; 25,9; 71,4; 44,4;;16I1413;;;;x
Ourém;  107,3; 0,08;- 0,67; 0,76;  7,3;  14,0;  3,6;  1,7;  36,4;x;x; 37,7; 52,1; 43,7;;16I1421;;;;x
Sardoal;  38,3; 0,03;- 1,13; 1,16;  5,1;  16,4;  2,5;  2,2;  30,0;x;x; 32,8; 83,3; 44,4;;16I1417;;;;x
Sertã;  33,0;- 0,48;- 1,00; 0,52;  5,3;  15,3;  2,5;  1,4;  30,2;x;x; 33,8; 57,7; 10,8;;16I0509;;;;x
Tomar;  103,7;- 0,46;- 1,11; 0,65;  5,7;  16,8;  2,4;  2,0;  32,0;x;x; 33,7; 68,9; 37,9;;16I1418;;;;x
Torres Novas;  126,7;- 0,19;- 1,03; 0,84;  5,1;  15,4;  1,4;  2,0;  27,0;x;x; 36,1; 69,5; 51,0;;16I1419;;;;x
Vila de Rei;  17,3; 0,39;- 1,69; 2,08;  7,6;  24,5;  2,7;  0,6;  49,8;x;x; 29,0; 48,0; 44,4;;16I0510;;;;x
Vila Nova da Barquinha;  143,6; 0,99;- 0,73; 1,72;  6,6;  14,0;  6,2;  0,7;  33,9;x;x; 37,2; 53,2; 36,4;;16I1420;;;;x
   Beiras e Serra da Estrela;  33,4;- 0,66;- 1,21; 0,55;  5,4;  17,5;  2,0;  1,4;  31,4;  6,2;  1,22; 32,9; 60,0; 38,4;;16J;;;x;
Almeida;  11,3;- 1,66;- 2,58; 0,92;  2,0;  27,8;  1,9;  0,9;  15,9;x;x; 24,2; 66,7; 54,5;;16J0902;;;;x
Belmonte;  52,3;- 0,23;- 0,96; 0,74;  5,0;  14,6;  1,6;  1,4;  29,0;x;x; 32,8; 77,4; 60,0;;16J0501;;;;x
Celorico da Beira;  26,6;- 0,77;- 1,52; 0,74;  4,4;  19,6;  3,0;  2,1;  26,6;x;x; 31,8; 65,5; 10,0;;16J0903;;;;x
Covilhã;  83,5;- 0,56;- 0,91; 0,36;  5,6;  14,7;  1,7;  2,0;  30,0;x;x; 35,4; 66,9; 25,0;;16J0503;;;;x
Figueira de Castelo Rodrigo;  10,1;- 1,02;- 1,99; 0,97;  6,4;  26,3;  1,0;  1,7;  42,4;x;x; 29,1; 57,6; 20,0;;16J0904;;;;x
Fornos de Algodres;  33,5;- 1,18;- 2,19; 1,02;  4,1;  26,0;  1,6;  0,2;  25,0;x;x; 30,9; 77,8; 42,9;;16J0905;;;;x
Fundão;  37,8;- 0,54;- 1,02; 0,48;  6,1;  16,3;  2,3;  1,1;  35,7;x;x; 33,0; 53,1; 47,5;;16J0504;;;;x
Gouveia;  40,6;- 0,68;- 1,48; 0,80;  4,0;  18,8;  2,0;  1,0;  26,5;x;x; 28,7; 69,4; 20,0;;16J0906;;;;x
Guarda;  56,3;- 0,36;- 0,71; 0,35;  6,7;  13,8;  2,6;  1,7;  33,1;x;x; 38,3; 51,1; 53,4;;16J0907;;;;x
Manteigas;  23,8;- 1,23;- 1,61; 0,38;  6,5;  22,6;  1,7;  2,4;  41,9;x;x; 29,2; 57,9; 20,0;;16J0908;;;;x
Mêda;  16,2;- 0,84;- 1,63; 0,79;  3,0;  19,3;  2,6;  1,1;  19,8;x;x; 28,9; 78,6; 54,5;;16J0909;;;;x
Pinhel;  16,6;- 1,37;- 1,87; 0,49;  3,2;  21,9;  1,9;  1,6;  21,5;x;x; 28,7; 53,8; 33,3;;16J0910;;;;x
Sabugal;  13,7;- 0,92;- 1,94; 1,03;  4,2;  23,7;  0,9;  0,6;  32,8;x;x; 24,8; 66,7; 60,0;;16J0911;;;;x
Seia;  49,8;- 0,72;- 1,28; 0,56;  5,7;  18,5;  2,0;  1,0;  34,4;x;x; 31,6; 63,2; 25,0;;16J0912;;;;x
Trancoso;  23,3;- 0,43;- 1,22; 0,79;  5,7;  17,9;  1,3;  0,5;  35,3;x;x; 30,8; 47,9; 36,4;;16J0913;;;;x
  A. M. Lisboa;  951,7;- 0,28;- 0,23;- 0,05;  9,3;  11,6;  2,4;  1,6;  40,7;  6,8;  1,49; 42,9; 62,8; 14,4;;170;;x;x;
Alcochete;  150,4; 0,71;- 0,07; 0,78;  7,9;  8,6;  4,2;  2,3;  33,5;x;x; 45,3; 62,5; 19,5;;1701502;;;;x
Almada; 2 521,1;- 0,72;- 0,37;- 0,35;  8,8;  12,5;  1,2;  1,6;  40,3;x;x; 40,9; 64,4; 10,1;;1701503;;;;x
Amadora; 7 253,9; 0,38;- 0,11; 0,49;  10,0;  11,1;  0,6;  1,6;  43,2;x;x; 43,0; 66,6; 24,5;;1701115;;;;x
Barreiro; 2 138,5;- 1,02;- 0,55;- 0,48;  8,3;  13,7;  2,6;  1,7;  38,2;x;x; 40,5; 68,9; 11,4;;1701504;;;;x
Cascais; 2 195,2;- 0,41;- 0,33;- 0,08;  8,0;  11,2;  2,6;  1,8;  36,6;x;x; 40,5; 59,8; 18,8;;1701105;;;;x
Lisboa; 5 438,0;- 0,63;- 0,42;- 0,21;  9,9;  14,1;  4,1;  1,4;  43,6;x;x; 42,3; 53,4; 17,2;;1701106;;;;x
Loures; 1 211,6; 0,26;- 0,13; 0,40;  10,2;  11,5;  1,7;  1,4;  44,8;x;x; 42,8; 65,1; 22,0;;1701107;;;;x
Mafra;  297,6; 0,19;- 0,05; 0,24;  8,6;  9,1;  3,2;  1,8;  36,1;x;x; 45,9; 61,7; 27,3;;1701109;;;;x
Moita; 1 193,5;- 0,78;- 0,27;- 0,51;  10,2;  12,9;  2,0;  1,9;  45,9;x;x; 42,0; 75,7; 11,5;;1701506;;;;x
Montijo;  160,8; 0,48;- 0,13; 0,61;  10,2;  11,5;  2,4;  1,6;  43,2;x;x; 45,7; 63,8; 12,3;;1701507;;;;x
Odivelas; 5 619,1; 0,52; 0,04; 0,48;  11,1;  10,6;  0,0;  1,5;  47,2;x;x; 44,1; 57,4;x;;1701116;;;;x
Oeiras; 3 750,7;- 0,05;- 0,26; 0,21;  8,3;  10,9;  2,4;  1,4;  37,8;x;x; 40,8; 58,2; 6,2;;1701110;;;;x
Palmela;  147,5;- 0,70;- 0,46;- 0,24;  8,4;  13,0;  2,6;  1,9;  37,9;x;x; 42,6; 66,7; 16,1;;1701508;;;;x
Seixal; 1 744,0;- 0,26;- 0,17;- 0,09;  8,8;  10,5;  1,6;  1,9;  38,3;x;x; 43,1; 66,9; 10,7;;1701510;;;;x
Sesimbra;  267,9;- 0,16;- 0,26; 0,10;  8,2;  10,7;  5,9;  1,7;  36,1;x;x; 43,7; 66,7; 6,0;;1701511;;;;x
Setúbal;  531,0;- 1,38;- 0,57;- 0,82;  8,0;  13,6;  3,7;  2,0;  36,6;x;x; 41,2; 68,8; 3,8;;1701512;;;;x
Sintra; 1 208,5;- 0,09; 0,06;- 0,15;  9,6;  9,1;  1,9;  1,7;  40,0;x;x; 45,2; 69,8; 10,2;;1701111;;;;x
Vila Franca de Xira;  431,5;- 0,36;- 0,09;- 0,27;  8,9;  9,8;  1,4;  1,7;  37,3;x;x; 45,4; 65,6; 18,0;;1701114;;;;x
  Alentejo;  22,3;- 0,36;- 0,92; 0,56;  7,4;  16,6;  2,7;  1,4;  38,7;  11,7;  1,53; 37,1; 71,1; 25,3;;18;;x;;
   Alentejo Litoral;  18,3; 0,01;- 0,76; 0,77;  7,8;  15,3;  2,3;  1,0;  41,7;  10,1;  1,57; 37,9; 65,6; 11,1;;181;;;x;
Alcácer do Sal;  7,4;- 1,22;- 1,63; 0,41;  5,7;  22,0;  2,1;  0,5;  32,5;x;x; 34,4; 64,1; 22,7;;1811501;;;;x
Grândola;  16,8; 0,22;- 1,01; 1,24;  7,8;  17,9;  3,2;  1,3;  42,1;x;x; 37,6; 70,4; 15,9;;1811505;;;;x
Odemira;  17,3; 0,30;- 0,37; 0,67;  9,1;  12,8;  1,0;  0,7;  50,0;x;x; 40,5; 55,4; 10,0;;1810211;;;;x
Santiago do Cacém;  26,3;- 0,16;- 0,89; 0,72;  6,6;  15,4;  2,2;  1,2;  35,7;x;x; 35,7; 70,5; 9,8;;1811509;;;;x
Sines;  70,4; 0,50;- 0,36; 0,86;  9,0;  12,6;  4,3;  1,4;  42,7;x;x; 40,5; 76,6; 5,0;;1811513;;;;x
   Baixo Alentejo;  13,5;- 0,46;- 1,05; 0,59;  8,4;  18,9;  2,4;  1,3;  46,2;  28,4;  1,81; 35,9; 76,1; 17,6;;184;;;x;
Aljustrel;  19,3;- 0,78;- 0,97; 0,19;  8,1;  17,8;  1,0;  0,9;  46,9;x;x; 34,1; 72,2; 11,1;;1840201;;;;x
Almodôvar;  8,6;- 0,18;- 0,94; 0,76;  8,5;  17,8;  1,6;  0,9;  50,0;x;x; 33,7; 80,7; 36,4;;1840202;;;;x
Alvito;  8,6;- 0,26;- 1,75; 1,49;  8,7;  26,2;  5,2;  2,1;  45,5;x;x; 37,5; 65,0; 33,3;;1840203;;;;x
Barrancos;  8,5;- 1,18;- 1,60; 0,42;  8,3;  24,3;  2,8;  1,3;  48,3;x;x; 33,6; 83,3; 25,0;;1840204;;;;x
Beja;  29,2;- 0,19;- 0,72; 0,53;  9,3;  16,5;  2,8;  1,4;  46,3;x;x; 39,1; 71,0; 17,4;;1840205;;;;x
Castro Verde;  12,1; 0,00;- 0,90; 0,90;  6,8;  15,8;  2,0;  1,0;  36,2;x;x; 36,5; 76,6; 0,0;;1840206;;;;x
Cuba;  25,4;- 0,80;- 1,71; 0,91;  8,2;  25,3;  1,1;  1,8;  43,4;x;x; 37,7; 91,7; 20,0;;1840207;;;;x
Ferreira do Alentejo;  11,9; 0,04;- 0,89; 0,93;  9,1;  18,0;  4,1;  2,3;  52,1;x;x; 35,5; 85,7; 3,2;;1840208;;;;x
Mértola;  4,8;- 1,40;- 1,75; 0,35;  6,7;  24,2;  3,4;  0,5;  47,7;x;x; 28,2; 78,6; 9,5;;1840209;;;;x
Moura;  13,9;- 0,38;- 0,74; 0,36;  9,8;  17,2;  2,3;  1,2;  53,2;x;x; 36,1; 77,9; 23,3;;1840210;;;;x
Ourique;  7,3;- 1,26;- 1,94; 0,68;  5,8;  25,2;  3,7;  1,5;  34,9;x;x; 32,7; 75,0; 16,7;;1840212;;;;x
Serpa;  12,4;- 0,80;- 1,31; 0,51;  7,3;  20,4;  1,7;  1,1;  42,7;x;x; 34,2; 77,2; 17,4;;1840213;;;;x
Vidigueira;  16,4;- 0,42;- 1,23; 0,81;  8,3;  20,6;  1,7;  1,3;  44,9;x;x; 35,9; 76,7; 55,6;;1840214;;;;x
   Lezíria do Tejo;  55,4;- 0,03;- 0,76; 0,73;  7,2;  14,8;  2,8;  1,7;  35,8;  5,7;  1,44; 38,4; 68,6; 26,1;;185;;;x;
Almeirim;  99,2;- 0,25;- 0,87; 0,61;  7,0;  15,7;  2,2;  1,8;  34,2;x;x; 39,2; 68,4; 16,7;;1851403;;;;x
Alpiarça;  73,1;- 0,47;- 1,13; 0,66;  6,0;  17,3;  3,4;  2,0;  32,5;x;x; 35,3; 78,6; 20,8;;1851404;;;;x
Azambuja;  82,6; 0,86;- 0,67; 1,53;  6,9;  13,6;  2,2;  1,4;  34,6;x;x; 40,2; 68,0; 33,3;;1851103;;;;x
Benavente;  57,7; 0,87;- 0,45; 1,32;  7,3;  11,8;  3,0;  1,8;  32,3;x;x; 43,7; 70,9; 8,1;;1851405;;;;x
Cartaxo;  147,1; 0,07;- 0,78; 0,86;  6,2;  14,1;  2,3;  1,8;  30,4;x;x; 39,3; 75,9; 19,6;;1851406;;;;x
Chamusca;  11,4;- 1,03;- 1,43; 0,40;  4,6;  18,8;  0,6;  0,9;  26,2;x;x; 33,6; 74,4; 75,0;;1851407;;;;x
Coruche;  15,5;- 1,08;- 1,23; 0,14;  7,3;  19,5;  1,1;  1,6;  43,3;x;x; 31,8; 66,7; 57,9;;1851409;;;;x
Golegã;  63,9;- 0,76;- 1,13; 0,37;  7,9;  19,2;  7,4;  1,7;  41,6;x;x; 36,2; 72,1; 33,3;;1851412;;;;x
Rio Maior;  77,3; 0,06;- 0,41; 0,47;  8,9;  13,0;  1,9;  1,9;  44,3;x;x; 39,1; 62,8; 17,5;;1851414;;;;x
Salvaterra de Magos;  88,9;- 0,14;- 0,77; 0,63;  7,7;  15,3;  3,5;  1,6;  39,5;x;x; 37,3; 69,9; 17,1;;1851415;;;;x
Santarém;  106,4;- 0,19;- 0,71; 0,53;  7,2;  14,3;  3,8;  1,9;  35,8;x;x; 37,9; 66,0; 35,6;;1851416;;;;x
   Alto Alentejo;  17,2;- 1,06;- 1,31; 0,26;  6,6;  19,7;  1,9;  1,4;  36,1;  8,3;  1,45; 34,7; 75,7; 32,0;;186;;;x;
Alter do Chão;  8,4;- 0,69;- 1,80; 1,11;  6,9;  24,8;  2,9;  1,6;  41,6;x;x; 31,2; 81,0; 22,2;;1861201;;;;x
Arronches;  8,9;- 1,18;- 1,99; 0,82;  5,3;  25,3;  2,1;  0,7;  32,5;x;x; 32,6; 66,7; 0,0;;1861202;;;;x
Avis;  6,3;- 0,47;- 1,49; 1,02;  7,3;  22,3;  2,1;  1,0;  41,4;x;x; 33,8; 89,3; 62,5;;1861203;;;;x
Campo Maior;  32,4;- 0,75;- 0,83; 0,09;  8,3;  16,7;  1,6;  1,3;  40,1;x;x; 40,3; 86,6; 30,8;;1861204;;;;x
Castelo de Vide;  11,7;- 1,69;- 2,05; 0,35;  5,4;  25,9;  1,6;  1,7;  33,8;x;x; 30,5; 64,7; 0,0;;1861205;;;;x
Crato;  8,0;- 2,36;- 2,73; 0,37;  3,1;  30,4;  2,5;  1,3;  21,5;x;x; 26,7; 60,0; 50,0;;1861206;;;;x
Elvas;  32,7;- 0,93;- 1,05; 0,12;  7,8;  18,3;  2,4;  1,6;  39,2;x;x; 37,9; 79,0; 34,0;;1861207;;;;x
Fronteira;  11,5;- 0,98;- 1,67; 0,70;  4,9;  21,6;  1,4;  1,0;  29,0;x;x; 32,1; 50,0; 25,0;;1861208;;;;x
Gavião;  11,4;- 2,04;- 2,22; 0,18;  4,1;  26,3;  3,0;  0,3;  30,3;x;x; 25,5; 57,1; 20,0;;1861209;;;;x
Marvão;  19,5;- 1,42;- 1,91; 0,49;  7,9;  27,0;  1,6;  2,7;  48,6;x;x; 31,4; 79,2; 60,0;;1861210;;;;x
Monforte;  7,1;- 0,77;- 1,10; 0,33;  6,0;  17,0;  2,0;  0,3;  30,2;x;x; 37,9; 72,2; 33,3;;1861211;;;;x
Nisa;  10,2;- 2,12;- 2,57; 0,45;  3,4;  29,1;  1,5;  1,4;  23,5;x;x; 27,3; 60,0; 55,6;;1861212;;;;x
Ponte de Sor;  18,1;- 0,97;- 1,14; 0,17;  5,7;  17,1;  1,3;  1,4;  32,0;x;x; 34,3; 83,9; 30,0;;1861213;;;;x
Portalegre;  49,8;- 0,74;- 0,78; 0,04;  6,9;  14,8;  1,9;  1,7;  35,9;x;x; 36,8; 63,2; 34,1;;1861214;;;;x
Sousel;  15,5;- 1,17;- 1,36; 0,18;  8,7;  22,3;  2,1;  1,8;  48,8;x;x; 33,3; 97,4; 0,0;;1861215;;;;x
   Alentejo Central;  20,6;- 0,57;- 0,91; 0,34;  7,4;  16,5;  3,3;  1,4;  38,0;  11,9;  1,50; 37,3; 71,6; 32,1;;187;;;x;
Alandroal;  9,1;- 1,36;- 1,40; 0,04;  6,4;  20,4;  3,4;  1,0;  38,6;x;x; 32,3; 78,1; 11,8;;1870701;;;;x
Arraiolos;  9,7;- 0,54;- 1,10; 0,56;  6,8;  17,8;  2,3;  1,5;  36,0;x;x; 36,8; 73,3; 53,3;;1870702;;;;x
Borba;  44,3;- 0,68;- 0,98; 0,29;  8,2;  18,0;  2,2;  1,5;  46,6;x;x; 34,3; 60,4; 71,4;;1870703;;;;x
Estremoz;  24,6;- 0,76;- 1,02; 0,26;  8,3;  18,5;  3,0;  1,1;  45,8;x;x; 34,7; 72,6; 37,8;;1870704;;;;x
Évora;  41,0;- 0,23;- 0,50; 0,27;  7,9;  13,0;  3,8;  1,7;  37,5;x;x; 40,2; 67,4; 32,5;;1870705;;;;x
Montemor-o-Novo;  12,8;- 0,90;- 1,32; 0,42;  6,7;  19,9;  2,7;  1,0;  35,7;x;x; 36,0; 63,2; 18,6;;1870706;;;;x
Mora;  9,2;- 2,24;- 2,58; 0,34;  2,9;  28,7;  3,6;  0,7;  19,6;x;x; 28,9; 83,3; 20,0;;1870707;;;;x
Mourão;  8,5;- 0,08;- 0,76; 0,67;  13,1;  20,7;  6,7;  1,2;  76,7;x;x; 34,7; 83,9; 25,0;;1870708;;;;x
Portel;  9,5;- 0,63;- 0,99; 0,36;  7,3;  17,2;  2,1;  0,3;  39,6;x;x; 36,1; 69,0; 33,3;;1870709;;;;x
Redondo;  17,0;- 0,70;- 0,89; 0,19;  7,6;  16,5;  3,0;  1,3;  40,2;x;x; 36,7; 81,3; 16,7;;1870710;;;;x
Reguengos de Monsaraz;  21,3;- 0,54;- 0,94; 0,40;  8,6;  18,0;  4,7;  1,2;  44,4;x;x; 37,4; 84,7; 28,9;;1870711;;;;x
Vendas Novas;  50,6;- 0,37;- 0,90; 0,53;  5,7;  14,7;  1,8;  1,0;  29,1;x;x; 37,4; 79,7; 20,0;;1870712;;;;x
Viana do Alentejo;  13,5;- 1,05;- 1,63; 0,58;  5,8;  22,1;  2,4;  2,1;  29,8;x;x; 37,2; 77,4; 38,5;;1870713;;;;x
Vila Viçosa;  37,8;- 0,58;- 0,80; 0,22;  6,5;  14,5;  4,2;  1,5;  34,8;x;x; 35,8; 75,0; 51,6;;1870714;;;;x
  Algarve;  93,2;- 0,60;- 0,37;- 0,23;  8,8;  12,5;  2,7;  1,7;  41,9;  7,7;  1,61; 40,6; 68,8; 11,6;;150;;x;x;
Albufeira;  315,0; 0,19; 0,15; 0,05;  10,2;  8,8;  4,3;  1,4;  44,5;x;x; 44,6; 62,9; 7,0;;1500801;;;;x
Alcoutim;  4,3;- 3,27;- 2,71;- 0,56;  2,8;  29,9;  8,0;  0,9;  23,2;x;x; 23,5; 85,7; 5,0;;1500802;;;;x
Aljezur;  18,6;- 0,81;- 0,84; 0,03;  7,6;  16,0;  2,1;  1,4;  39,8;x;x; 38,0; 80,4; 0,0;;1500803;;;;x
Castro Marim;  21,3;- 0,82;- 0,78;- 0,05;  7,1;  14,9;  6,7;  2,4;  41,7;x;x; 33,5; 80,4; 18,6;;1500804;;;;x
Faro;  332,7;- 0,55;- 0,30;- 0,25;  8,8;  11,8;  1,5;  2,1;  39,3;x;x; 42,2; 70,7; 21,2;;1500805;;;;x
Lagoa;  268,6;- 0,22;- 0,15;- 0,07;  9,4;  11,0;  1,1;  1,8;  45,8;x;x; 40,1; 74,1; 0,0;;1500806;;;;x
Lagos;  156,3;- 0,83;- 0,48;- 0,35;  7,7;  12,5;  1,7;  1,4;  38,1;x;x; 39,0; 69,0; 10,7;;1500807;;;;x
Loulé;  94,3;- 0,73;- 0,38;- 0,35;  9,5;  13,3;  2,0;  1,8;  44,8;x;x; 40,7; 67,0; 22,4;;1500808;;;;x
Monchique;  13,6;- 2,28;- 1,56;- 0,72;  7,2;  22,8;  20,1;  0,8;  44,7;x;x; 32,1; 84,6; 7,5;;1500809;;;;x
Olhão;  339,3;- 0,77;- 0,40;- 0,37;  8,1;  12,1;  1,1;  1,5;  37,9;x;x; 41,9; 73,3; 14,6;;1500810;;;;x
Portimão;  327,8;- 0,43;- 0,25;- 0,18;  9,8;  12,3;  0,9;  2,2;  44,1;x;x; 42,2; 66,4; 7,7;;1500811;;;;x
São Brás de Alportel;  73,1;- 0,54;- 0,34;- 0,20;  9,1;  12,5;  19,8;  1,6;  44,3;x;x; 39,2; 68,6; 5,2;;1500812;;;;x
Silves;  55,4;- 0,48;- 0,50; 0,02;  8,5;  13,5;  2,0;  1,5;  42,1;x;x; 39,6; 66,4; 11,1;;1500813;;;;x
Tavira;  45,0;- 1,24;- 0,73;- 0,51;  7,2;  14,6;  1,5;  1,4;  40,0;x;x; 35,4; 68,3; 30,8;;1500814;;;;x
Vila do Bispo;  31,8;- 0,60;- 0,44;- 0,16;  10,0;  14,4;  9,3;  1,1;  51,0;x;x; 37,9; 78,9; 0,0;;1500815;;;;x
Vila Real de Santo António;  305,7;- 0,82;- 0,55;- 0,27;  7,4;  13,0;  2,2;  1,4;  36,9;x;x; 38,6; 67,1; 23,7;;1500816;;;;x
 R. A. Açores;  101,8;- 0,07;- 0,14; 0,06;  8,6;  10,0;  3,5;  2,5;  36,0;  10,7;  1,32; 46,6; 54,2; 30,7;;200;x;x;x;
  Santa Maria;  56,0; 0,24;- 0,09; 0,33;  10,3;  11,3;  1,7;  1,5;  44,6;x;x; 44,5; 71,4; 44,4;;-;;;;
Vila do Porto;  56,0; 0,24;- 0,09; 0,33;  10,3;  11,3;  1,7;  1,5;  44,6;x;x; 44,5; 71,4; 44,4;;2004101;;;;x
  São Miguel;  186,4; 0,01; 0,02;- 0,01;  9,2;  9,0;  3,6;  2,6;  36,7;x;x; 48,9; 52,6; 28,8;;-;;;;
Lagoa (R.A.A.);  311,8; 0,12;- 0,08; 0,20;  9,5;  10,3;  8,3;  2,1;  36,6;x;x; 50,9; 41,5; 13,6;;2004201;;;;x
Nordeste;  43,2;- 0,09;- 0,66; 0,57;  6,2;  12,8;  4,8;  2,2;  28,7;x;x; 42,5; 63,0; 25,0;;2004202;;;;x
Ponta Delgada;  288,7; 0,01; 0,03;- 0,02;  9,2;  9,0;  2,7;  3,3;  36,8;x;x; 48,1; 54,9; 39,2;;2004203;;;;x
Povoação;  54,4;- 0,28;- 0,22;- 0,05;  7,8;  10,0;  3,6;  2,4;  33,2;x;x; 45,6; 46,7; 25,0;;2004204;;;;x
Ribeira Grande;  174,5; 0,16; 0,29;- 0,13;  10,5;  7,7;  2,7;  2,0;  40,7;x;x; 51,3; 52,3; 29,4;;2004205;;;;x
Vila Franca do Campo;  132,1;- 0,39;- 0,27;- 0,12;  6,9;  9,6;  4,9;  0,6;  28,3;x;x; 48,8; 54,9; 29,4;;2004206;;;;x
  Terceira;  132,9;- 0,21;- 0,24; 0,04;  8,0;  10,5;  3,9;  2,4;  35,1;x;x; 44,3; 52,6; 38,0;;-;;;;
Angra do Heroísmo;  141,0;- 0,36;- 0,28;- 0,08;  7,7;  10,5;  5,0;  2,3;  33,6;x;x; 44,2; 53,8; 39,5;;2004301;;;;x
Vila da Praia da Vitória;  120,8; 0,05;- 0,18; 0,24;  8,6;  10,5;  2,0;  2,5;  37,8;x;x; 44,4; 50,6; 31,6;;2004302;;;;x
  Graciosa;  67,4;- 0,17;- 0,34; 0,17;  7,1;  10,5;  3,2;  2,9;  33,2;x;x; 42,0; 72,4; 30,8;;-;;;;
Santa Cruz da Graciosa;  67,4;- 0,17;- 0,34; 0,17;  7,1;  10,5;  3,2;  2,9;  33,2;x;x; 42,0; 72,4; 30,8;;2004401;;;;x
  São Jorge;  34,3;- 0,48;- 0,61; 0,13;  6,6;  12,7;  2,2;  1,9;  30,8;x;x; 42,2; 50,9; 27,8;;-;;;;
Calheta (R.A.A.);  27,2;- 0,35;- 0,44; 0,09;  6,1;  10,5;  1,7;  1,8;  29,7;x;x; 40,5; 47,6; 33,3;;2004501;;;;x
Velas;  41,9;- 0,57;- 0,73; 0,16;  6,9;  14,2;  2,4;  2,0;  31,4;x;x; 43,4; 52,9; 25,0;;2004502;;;;x
  Pico;  31,3; 0,09;- 0,34; 0,44;  7,3;  10,7;  3,6;  2,2;  33,7;x;x; 42,0; 55,4; 18,0;;-;;;;
Lajes do Pico;  28,0;- 0,07;- 0,34; 0,28;  7,4;  10,8;  4,4;  2,0;  35,9;x;x; 40,3; 53,1; 15,8;;2004601;;;;x
Madalena;  43,1; 0,00;- 0,33; 0,33;  7,4;  10,7;  3,2;  2,0;  32,8;x;x; 43,7; 57,4; 30,0;;2004602;;;;x
São Roque do Pico;  22,8; 0,49;- 0,37; 0,87;  6,8;  10,5;  3,4;  2,8;  32,5;x;x; 40,9; 54,5; 0,0;;2004603;;;;x
  Faial;  82,6;- 0,57;- 0,57; 0,00;  7,7;  13,3;  3,6;  3,1;  33,8;x;x; 44,1; 58,2; 34,0;;-;;;;
Horta;  82,6;- 0,57;- 0,57; 0,00;  7,7;  13,3;  3,6;  3,1;  33,8;x;x; 44,1; 58,2; 34,0;;2004701;;;;x
  Flores;  24,4; 0,44;- 0,58; 1,02;  8,4;  14,3;  1,7;  4,4;  38,9;x;x; 44,0; 79,3; 0,0;;-;;;;
Lajes das Flores;  20,1;- 0,21;- 1,28; 1,07;  5,0;  17,8;  2,8;  4,2;  23,5;x;x; 44,4; 85,7; 0,0;;2004801;;;;x
Santa Cruz das Flores;  28,8; 0,89;- 0,10; 0,99;  10,8;  11,8;  1,0;  4,3;  49,2;x;x; 43,8; 77,3; 0,0;;2004802;;;;x
  Corvo;  23,3; 2,80;- 0,25; 3,05;  12,7;  15,2;  7,6;  2,5;  54,9;x;x; 48,1; 80,0; 0,0;;-;;;;
Corvo;  23,3; 2,80;- 0,25; 3,05;  12,7;  15,2;  7,6;  2,5;  54,9;x;x; 48,1; 80,0; 0,0;;2004901;;;;x
 R. A. Madeira;  313,5;- 0,03;- 0,45; 0,42;  6,9;  11,4;  3,4;  1,8;  31,5;  4,9;  1,23; 41,4; 64,1; 23,2;;300;x;x;x;
Calheta (R.A.M.);  97,8;- 0,45;- 0,94; 0,49;  6,1;  15,6;  7,3;  1,8;  31,3;x;x; 36,4; 56,7; 10,4;;3003101;;;;x
Câmara de Lobos;  615,9;- 0,15;- 0,05;- 0,10;  8,4;  8,9;  2,0;  1,8;  35,2;x;x; 45,6; 72,2; 45,3;;3003102;;;;x
Funchal; 1 388,4;- 0,22;- 0,57; 0,35;  6,8;  12,5;  3,1;  1,8;  31,7;x;x; 39,8; 66,9; 26,8;;3003103;;;;x
Machico;  286,3;- 0,45;- 0,43;- 0,02;  5,7;  10,0;  4,4;  1,8;  27,3;x;x; 39,9; 51,4; 19,8;;3003104;;;;x
Ponta do Sol;  181,5; 0,20;- 0,48; 0,68;  7,4;  12,2;  5,4;  1,7;  33,9;x;x; 40,7; 56,5; 4,9;;3003105;;;;x
Porto Moniz;  30,3;- 0,32;- 0,87; 0,56;  4,0;  12,7;  7,5;  1,2;  22,1;x;x; 32,1; 10,0; 5,3;;3003106;;;;x
Ribeira Brava;  193,8;- 0,08;- 0,46; 0,38;  7,2;  11,8;  3,8;  1,6;  32,4;x;x; 41,1; 43,5; 29,8;;3003107;;;;x
Santa Cruz;  524,2; 0,98;- 0,10; 1,09;  7,8;  8,8;  3,3;  1,9;  31,5;x;x; 47,2; 67,0; 22,6;;3003108;;;;x
Santana;  68,3;- 0,87;- 1,11; 0,24;  4,3;  15,4;  2,9;  1,2;  23,6;x;x; 33,3; 67,9; 21,1;;3003109;;;;x
São Vicente;  61,6;- 0,66;- 1,42; 0,76;  4,3;  18,5;  1,4;  1,8;  23,3;x;x; 34,7; 57,1; 14,3;;3003110;;;;x
Porto Santo;  121,3; 0,33;- 0,41; 0,73;  6,4;  10,4;  5,2;  1,9;  30,1;x;x; 41,8; 54,5; 11,1;;3003201;;;;x
;"Population density
?";Crude rate of increase;Crude rate of natural increase;Crude migratory rate;Crude birth rate;Crude death rate;Crude marriage rate;Crude divorce rate;General fertility rate;Teenage fertility rate;Total fertility rate;Women in childbearing age within female resident population ;Live births outside marriage;Proportion of catholic marriages;;;;;;
;No./km2;%;;;‰;;;;;;No.;%;;;;;;;;
© INE, I.P., Portugal, 2022. Informação disponível até 14 de outubro de 2022. Information available till 14th October, 2022.;;;;;;;;;;;;;;;;;;;;
Fonte: INE, I.P., Indicadores Demográficos e Estimativas Anuais da População Residente.;;;;;;;;;;;;;;;;;;;;
Source: Statistics Portugal, Demographic Indicators and Annual Estimates of Resident Population.;;;;;;;;;;;;;;;;;;;;
"Nota: Não se apresentam os dados da taxa bruta de nupcialidade e proporção de casamentos católicos para o município de Odivelas devido à inexistência de Conservatória de Registo Civil neste município.
Os dados da população residente, utilizados no cálculo dos indicadores para 2021, resultam de um exercício ad hoc de estimativas de população residente para 31 de dezembro de 2021, calculadas com base nos resultados provisórios dos Censos 2021. Assim, os resultados dos indicadores para 2021 serão revistos na sequência da divulgação da nova série de estimativas de população pós-Censos 2021.";;;;;;;;;;;;;;;;;;;;
"Note: The crude marriage rate and proportion of catholic marriages for Odivelas are not available due to the non-existence of Civil Register Offices in that municipality.                                                                                                                                                                                         
The resident population data, used in the calculation of the 2021 indicators are a result from an ad hoc exercise of resident population estimates for December 31, 2021, based on the provisional results of the 2021 Census. Thus, the results of the 2021 indicators will be revised following the release of the new series of post-2021 Census population estimates.";;;;;;;;;;;;;;;;;;;;
;;;;;;;;;;;;;;;;;;;;
Para mais informação consulte / For more information see:;;;;;;;;;;;;;;;;;;;;
http://www.ine.pt/xurl/ind/0008337;;;;;;;;;;;;;;;;;;;;
http://www.ine.pt/xurl/ind/0008300;;;;;;;;;;;;;;;;;;;;
http://www.ine.pt/xurl/ind/0008216;;;;;;;;;;;;;;;;;;;;
http://www.ine.pt/xurl/ind/0008209;;;;;;;;;;;;;;;;;;;;
